{"1": {"POSITIVE": {"sum": 9534383.02292716, "count": 1576}, "NEGATIVE": {"sum": 12410052.435121894, "count": 1326}}, "2": {"POSITIVE": {"sum": 9534119.922314519, "count": 1534}, "NEGATIVE": {"sum": 12409990.378840804, "count": 1306}}}