{"1": {"POSITIVE": {"sum": 13761003.988402957, "count": 2246}, "NEGATIVE": {"sum": 12424608.525293559, "count": 1827}}, "2": {"POSITIVE": {"sum": 16517766.085812489, "count": 2575}, "NEGATIVE": {"sum": 12426683.771411305, "count": 2021}}}