{"2": {"NEGATIVE": {"sum": 12428338.471950274, "count": 2297}, "POSITIVE": {"sum": 17521748.69419064, "count": 3070}}, "1": {"POSITIVE": {"sum": 17521748.69419064, "count": 3070}, "NEGATIVE": {"sum": 12428338.471950274, "count": 2297}}}